{
    "startx":121.192453,
    "stopx":121.716776,
    "starty":37.637759,
    "stopy":37.230636,
    "zoom":15
}
